epoch,time,train/box_loss,train/cls_loss,train/l1_loss,metrics/precision(B),metrics/recall(B),metrics/mAP50(B),metrics/mAP50-95(B),val/box_loss,val/cls_loss,val/l1_loss,lr/pg0,lr/pg1,lr/pg2
1,42.0167,0.90606,4.85821,0.01096,0,0,0,0,0.50789,4.85974,0.00989,0.000633333,0.000633333,0.000633333
2,83.1561,0.97628,3.24532,0.01253,0.44615,0.31868,0.21817,0.14663,0.83289,4.01096,0.01805,0.0012142,0.0012142,0.0012142
3,125.633,1.13469,1.80903,0.01544,0.60248,0.20879,0.42502,0.30422,1.21519,2.23196,0.03153,0.00170707,0.00170707,0.00170707
4,172.51,1.16461,1.56687,0.01658,0.70961,0.40284,0.60798,0.41034,1.141,2.12772,0.02789,0.001604,0.001604,0.001604
5,215.518,1.13782,1.52326,0.0161,0.4503,0.53846,0.48764,0.34312,1.04903,1.53031,0.0252,0.001472,0.001472,0.001472
6,258.583,1.05695,1.41799,0.01737,0.50183,0.42857,0.42326,0.33307,0.94019,2.45576,0.02204,0.00134,0.00134,0.00134
7,300.908,0.9662,1.19138,0.01589,0.67523,0.62637,0.67593,0.49332,1.12034,1.3027,0.0276,0.001208,0.001208,0.001208
8,343.154,1.00629,1.12518,0.01692,0.70308,0.61538,0.68883,0.52609,1.03037,1.35517,0.02684,0.001076,0.001076,0.001076
9,385.82,0.92495,1.04211,0.01562,0.67085,0.67033,0.71123,0.54294,1.07692,1.1142,0.02878,0.000944,0.000944,0.000944
10,428.774,0.90427,0.89894,0.01525,0.7121,0.65934,0.7576,0.56403,1.00935,1.1502,0.02641,0.000812,0.000812,0.000812
11,471.778,0.8446,0.87549,0.01356,0.73385,0.69231,0.76874,0.5832,0.86755,1.07346,0.01893,0.00068,0.00068,0.00068
12,514.225,0.88452,0.80047,0.01395,0.73164,0.749,0.82231,0.66313,0.87687,0.83379,0.02141,0.000548,0.000548,0.000548
13,556.464,0.82412,0.79422,0.01357,0.93025,0.69231,0.84922,0.67291,0.90087,0.83792,0.02251,0.000416,0.000416,0.000416
14,598.749,0.79148,0.75273,0.01273,0.92153,0.71429,0.85353,0.67311,0.8334,0.82668,0.02029,0.000284,0.000284,0.000284
15,641.235,0.78169,0.71392,0.01224,0.91538,0.71326,0.85112,0.68154,0.73892,0.87081,0.01668,0.000152,0.000152,0.000152
